{"Pro_Key":"fema6sntixpaypuh","Dp_Data":[{"attr":0,"code":"switch","desc":"【非必选】 \"可选择无开关机功能。 开关机控制。 下发： 发送控制指令给主机，主机依据指令状态进行开关机操作。 上报： 当主机使用遥控器关机或者长时间静止进入关机状态后，主机会上报一个关机数据。 当主机处于关机状态时，通过遥控器或者触摸主机的按键，主机会进入开机状态，主机会上报一个开机数据。\"","iconname":"icon-dp_power2","id":1,"mode":"rw","name":"开关","property":{"type":"bool"},"type":"obj"},{"attr":0,"code":"switch_go","desc":"【必选】","iconname":"icon-dp_power","id":2,"mode":"rw","name":"清扫开关","property":{"type":"bool"},"type":"obj"},{"attr":0,"code":"mode","desc":"【必选】枚举值按需选择，不需要的可删除 standby：待机模式，random：随机模式，smart：自动清扫， wall_follow：沿边清扫 ，mop:拖地功能 ， spiral:定点清扫，left_spiral:左螺旋，right_spiral:右螺旋，right_bow：右⼸弓字，left_bow：左⼸弓字，partial_bow：局部弓字, chargego:回充模式","iconname":"icon-dp_mode","id":3,"mode":"rw","name":"工作模式","property":{"range":["standby","random","smart","wall_follow","mop","spiral","left_spiral","right_spiral","right_bow","left_bow","partial_bow","chargego"],"type":"enum"},"type":"obj"},{"attr":0,"code":"direction_control","desc":"【必选】 \"前进，后退，左转，右转，停止。 默认逻辑：按住方向键下发 前/后/左转/右转，手指抬起下发停止\"","iconname":"icon-dp_wind","id":4,"mode":"rw","name":"清扫方向","property":{"range":["forward","backward","turn_left","turn_right","stop"],"type":"enum"},"type":"obj"},{"attr":0,"code":"status","desc":"状态指示 0：待机中 1：自动清扫 2：沿边清扫 3：定点清扫 4：拖地 5：回充中 6：充电中 7：充电完成8：暂停","iconname":"icon-dp_dust","id":5,"mode":"ro","name":"设备状态","property":{"range":["standby","smart_clean","wall_clean","spot_clean","mop_clean","goto_charge","charging","charge_done","paused"],"type":"enum"},"type":"obj"},{"attr":0,"code":"residual_electricity","desc":"","iconname":"icon-dp_up","id":6,"mode":"ro","name":"剩余电量","property":{"unit":"%","min":0,"max":100,"scale":0,"step":1,"type":"value"},"type":"obj"},{"attr":0,"code":"edge_brush","desc":"","id":7,"mode":"ro","name":"边刷寿命","property":{"unit":"%","min":0,"max":100,"scale":0,"step":1,"type":"value"},"type":"obj"},{"attr":0,"code":"roll_brush","desc":"","id":8,"mode":"ro","name":"滚刷寿命","property":{"unit":"%","min":0,"max":100,"scale":0,"step":1,"type":"value"},"type":"obj"},{"attr":0,"code":"filter","desc":"","id":9,"mode":"ro","name":"滤网寿命","property":{"unit":"%","min":0,"max":100,"scale":0,"step":1,"type":"value"},"type":"obj"},{"attr":0,"code":"reset_edge_brush","desc":"","id":10,"mode":"rw","name":"边刷重置","property":{"type":"bool"},"type":"obj"},{"attr":0,"code":"reset_roll_brush","desc":"","id":11,"mode":"rw","name":"滚刷重置","property":{"type":"bool"},"type":"obj"},{"attr":0,"code":"reset_filter","desc":"","id":12,"mode":"rw","name":"滤网重置","property":{"type":"bool"},"type":"obj"},{"attr":0,"code":"seek","desc":"","id":13,"mode":"rw","name":"寻找机器","property":{"type":"bool"},"type":"obj"},{"attr":0,"code":"suction","desc":"","id":14,"mode":"rw","name":"吸力选择","property":{"range":["strong","normal"],"type":"enum"},"type":"obj"},{"attr":0,"code":"clean_record","desc":"可选择将地图ID号同时上报 清扫日期+ YYYYMMDDTTRR 清扫时长 + XXX 清扫面积 xxx 如： \"20180411051102008000020\" 代表2018年4月11日05点11分，清扫了20分钟，80平方米 ，id号为20（假如MCU没有RTC，时间可不上报。记录则默认显示为数据上报时间）","id":15,"mode":"ro","name":"清扫记录","property":{"type":"string","maxlen":255},"type":"obj"},{"attr":0,"code":"clean_area","desc":"【非必选】\n兼容一位小数显示，选择倍数为1即可。","id":16,"mode":"ro","name":"清扫面积","property":{"unit":"㎡","min":0,"max":9999,"scale":0,"step":1,"type":"value"},"type":"obj"},{"attr":0,"code":"clean_time","desc":"【非必选】 MCU上报本次清扫时间，实时更新","id":17,"mode":"ro","name":"清扫时间","property":{"unit":"min","min":0,"max":9999,"scale":0,"step":1,"type":"value"},"type":"obj"},{"attr":0,"code":"fault","desc":"1边扫异常；2中扫异常；3左轮异常；4右轮异常；5垃圾盒异常；6 地检异常；7 碰撞异常； 当主机上报后，显示错误代码。","iconname":"icon-dp_warming","id":18,"mode":"ro","name":"故障告警","property":{"label":["edge_sweep_fault","middle_sweep_fault","left_wheel_fault","right_wheel_fault","garbage_box_fault","land_check_fault","collision_fault"],"type":"bitmap","maxlen":3},"type":"obj"},{"attr":0,"code":"map_config","desc":"【有地图则必选】如果扫地机有地图功能，需要选择此功能点，用于配置地图参数，具体格式如下： 共3个字节,第一个字节为原点（0,0）位置，二三字节为地图最大的长宽 0x00 左上角 0x01 左下角 例：0x0000ff 左上角，最大长宽值为255","id":19,"mode":"ro","name":"地图参数配置","type":"raw"}]}